{
    "version": 8,
    "configurePresets": [
        {
            "name": "Exeperiment4Student",
            "displayName": "自定义配置预设",
            "description": "设置 Ninja 生成器、版本和安装目录",
            "generator": "Ninja",
            "binaryDir": "${sourceDir}/out/build/${presetName}",
            "cacheVariables": {
                "CMAKE_BUILD_TYPE": "Debug",
                "CMAKE_INSTALL_PREFIX": "${sourceDir}/out/install/${presetName}"
            }
        }
    ]
}